UA;SU;SUBP1;SUBP2;SUBP3;SUBP4;SUBP5;SUBP6;SUBP7;SUBP8;SUBP9;SUBP10;CONT_TOCO;FLORESTA;ARVORES;NATURAL;AGRICULTURA;OUTRAS
ES_10;1;19;19;19;19;19;19;19;19;19;19;0;1.0;0.0;0.0;0.0;0.0
ES_10;2;19;19;19;19;19;19;19;19;19;19;0;1.0;0.0;0.0;0.0;0.0
ES_10;3;19;19;19;19;19;19;19;19;19;19;0;1.0;0.0;0.0;0.0;0.0
ES_10;4;19;19;19;19;19;19;19;19;19;19;0;1.0;0.0;0.0;0.0;0.0
ES_100;1;45;45;45;45;45;45;58;58;58;58;0;0.0;0.0;0.0;0.6;0.4
ES_100;2;45;45;45;45;45;45;45;45;45;45;0;0.0;0.0;0.0;1.0;0.0
ES_100;3;45;45;45;58;45;45;55;45;55;42;0;0.0;0.0;0.0;0.7;0.3
ES_100;4;45;45;45;45;45;45;45;45;45;42;0;0.0;0.0;0.0;1.0;0.0
ES_101;1;113;113;113;113;113;113;55;55;19;19;0;0.8;0.0;0.0;0.0;0.2
ES_101;2;19;19;19;19;19;19;19;19;19;19;0;1.0;0.0;0.0;0.0;0.0
ES_101;3;55;19;19;19;19;19;19;19;19;19;0;0.9;0.0;0.0;0.0;0.1
ES_101;4;113;113;113;113;113;113;113;113;113;113;0;1.0;0.0;0.0;0.0;0.0
ES_102;1;113;113;113;113;113;113;113;113;113;113;0;1.0;0.0;0.0;0.0;0.0
ES_102;2;113;113;113;113;113;113;113;113;113;113;0;1.0;0.0;0.0;0.0;0.0
ES_102;3;113;113;113;113;113;113;113;113;113;113;0;1.0;0.0;0.0;0.0;0.0
ES_102;4;113;113;113;113;113;113;113;113;113;113;0;1.0;0.0;0.0;0.0;0.0
ES_103;1;45;45;45;45;45;45;45;45;45;45;0;0.0;0.0;0.0;1.0;0.0
ES_103;2;112;112;112;112;112;112;112;112;112;112;2;1.0;0.0;0.0;0.0;0.0
ES_103;3;112;112;112;112;112;112;112;112;112;112;0;1.0;0.0;0.0;0.0;0.0
ES_103;4;45;45;45;113;113;45;113;113;113;113;2;0.6;0.0;0.0;0.4;0.0
ES_104;1;45;45;45;45;45;45;45;45;45;45;0;0.0;0.0;0.0;1.0;0.0
ES_104;2;45;45;45;45;45;45;45;45;45;45;0;0.0;0.0;0.0;1.0;0.0
ES_104;3;45;45;45;45;45;45;45;45;45;45;0;0.0;0.0;0.0;1.0;0.0
ES_104;4;45;45;45;45;45;45;45;45;45;45;0;0.0;0.0;0.0;1.0;0.0
ES_105;1;51;51;51;51;51;51;51;51;51;51;0;0.0;0.0;0.0;0.0;1.0
ES_105;2;113;113;113;113;113;113;113;113;113;113;0;1.0;0.0;0.0;0.0;0.0
ES_105;3;19;19;113;113;113;113;19;113;113;113;0;1.0;0.0;0.0;0.0;0.0
ES_105;4;113;112;113;112;112;113;112;113;112;112;0;1.0;0.0;0.0;0.0;0.0
ES_106;1;45;45;45;45;45;45;45;45;45;45;0;0.0;0.0;0.0;1.0;0.0
ES_106;2;45;45;45;45;45;45;45;45;45;45;0;0.0;0.0;0.0;1.0;0.0
ES_106;3;51;51;112;112;112;112;112;112;112;112;0;0.8;0.0;0.0;0.0;0.2
ES_106;4;45;45;45;45;45;45;45;45;45;45;0;0.0;0.0;0.0;1.0;0.0
ES_107;1;42;42;42;42;42;42;42;42;42;42;0;0.0;0.0;0.0;1.0;0.0
ES_107;2;42;42;42;42;42;43;43;42;43;43;0;0.0;0.0;0.0;1.0;0.0
ES_107;3;45;45;45;45;45;45;45;45;45;45;0;0.0;0.0;0.0;1.0;0.0
ES_107;4;42;42;42;42;42;42;42;42;42;42;0;0.0;0.0;0.0;1.0;0.0
ES_108;1;45;45;45;45;45;45;45;45;45;45;0;0.0;0.0;0.0;1.0;0.0
ES_108;2;113;113;113;113;113;113;113;113;113;113;0;1.0;0.0;0.0;0.0;0.0
ES_108;3;113;113;113;113;113;112;112;112;112;112;0;1.0;0.0;0.0;0.0;0.0
ES_108;4;45;45;45;45;45;45;45;45;45;45;0;0.0;0.0;0.0;1.0;0.0
ES_109;1;45;45;45;45;45;45;45;45;45;45;0;0.0;0.0;0.0;1.0;0.0
ES_109;2;113;113;113;113;113;113;113;113;113;113;0;1.0;0.0;0.0;0.0;0.0
ES_109;3;112;112;112;112;112;112;113;113;113;113;0;1.0;0.0;0.0;0.0;0.0
ES_109;4;113;112;45;113;113;45;45;45;45;45;0;0.4;0.0;0.0;0.6;0.0
ES_11;1;45;45;45;45;45;45;45;45;45;45;0;0.0;0.0;0.0;1.0;0.0
ES_11;2;57;57;57;57;57;57;57;57;57;57;0;0.0;0.0;0.0;0.0;1.0
ES_11;3;45;45;45;45;45;45;45;45;45;45;0;0.0;0.0;0.0;1.0;0.0
ES_11;4;45;45;45;45;45;45;45;45;45;45;0;0.0;0.0;0.0;1.0;0.0
ES_110;1;45;45;45;45;45;45;45;45;45;45;0;0.0;0.0;0.0;1.0;0.0
ES_110;2;45;45;45;45;45;45;45;45;45;45;0;0.0;0.0;0.0;1.0;0.0
ES_110;3;45;45;45;45;45;45;45;45;45;45;0;0.0;0.0;0.0;1.0;0.0
ES_110;4;45;45;45;45;45;45;45;45;45;45;0;0.0;0.0;0.0;1.0;0.0
ES_111;1;45;45;45;45;45;45;45;45;45;45;0;0.0;0.0;0.0;1.0;0.0
ES_111;2;45;45;45;45;45;45;45;45;45;45;0;0.0;0.0;0.0;1.0;0.0
ES_111;3;45;45;45;45;45;45;45;45;45;45;0;0.0;0.0;0.0;1.0;0.0
ES_111;4;45;45;45;45;45;45;45;45;45;45;0;0.0;0.0;0.0;1.0;0.0
ES_112;1;112;112;112;112;112;112;112;112;112;112;0;1.0;0.0;0.0;0.0;0.0
ES_112;2;112;112;112;112;112;112;112;112;112;112;0;1.0;0.0;0.0;0.0;0.0
ES_112;3;45;45;45;45;45;45;45;45;45;45;0;0.0;0.0;0.0;1.0;0.0
ES_112;4;45;45;45;45;45;45;45;45;45;45;0;0.0;0.0;0.0;1.0;0.0
ES_113;1;45;112;112;45;45;112;112;45;45;113;0;0.5;0.0;0.0;0.5;0.0
ES_113;2;112;112;112;112;112;112;112;112;112;112;0;1.0;0.0;0.0;0.0;0.0
ES_113;3;45;45;45;45;45;45;45;45;45;45;0;0.0;0.0;0.0;1.0;0.0
ES_113;4;45;45;45;45;45;45;45;45;45;45;0;0.0;0.0;0.0;1.0;0.0
ES_114;1;112;112;112;112;112;112;112;112;112;112;0;1.0;0.0;0.0;0.0;0.0
ES_114;2;45;45;45;45;45;45;45;45;45;45;0;0.0;0.0;0.0;1.0;0.0
ES_114;3;45;45;45;45;45;45;45;45;45;45;0;0.0;0.0;0.0;1.0;0.0
ES_114;4;112;112;112;112;112;112;112;112;112;112;0;1.0;0.0;0.0;0.0;0.0
ES_116;1;45;45;45;45;45;45;45;45;45;45;0;0.0;0.0;0.0;1.0;0.0
ES_116;2;51;51;51;51;51;51;51;51;51;51;0;0.0;0.0;0.0;0.0;1.0
ES_116;3;51;51;51;51;51;51;51;51;51;51;0;0.0;0.0;0.0;0.0;1.0
ES_116;4;51;51;51;51;51;51;51;51;51;51;0;0.0;0.0;0.0;0.0;1.0
ES_117;1;45;45;45;45;45;45;45;45;45;45;0;0.0;0.0;0.0;1.0;0.0
ES_117;4;45;45;45;45;45;45;45;45;45;45;0;0.0;0.0;0.0;1.0;0.0
ES_118;1;19;19;19;19;19;19;19;19;19;19;0;1.0;0.0;0.0;0.0;0.0
ES_118;2;19;19;19;19;19;19;19;19;19;19;0;1.0;0.0;0.0;0.0;0.0
ES_118;3;19;19;19;19;19;19;19;19;19;19;0;1.0;0.0;0.0;0.0;0.0
ES_118;4;19;19;19;19;19;19;19;19;19;19;0;1.0;0.0;0.0;0.0;0.0
ES_119;1;45;45;45;45;45;45;45;45;45;45;0;0.0;0.0;0.0;1.0;0.0
ES_119;2;45;45;45;45;45;45;45;45;45;45;0;0.0;0.0;0.0;1.0;0.0
ES_119;3;45;45;45;45;45;45;45;45;45;45;0;0.0;0.0;0.0;1.0;0.0
ES_119;4;45;45;45;45;45;45;45;45;45;45;0;0.0;0.0;0.0;1.0;0.0
ES_12;1;45;45;45;45;45;45;45;45;45;45;0;0.0;0.0;0.0;1.0;0.0
ES_12;2;45;45;45;45;45;45;45;45;45;45;0;0.0;0.0;0.0;1.0;0.0
ES_12;3;113;113;45;45;45;45;45;45;45;45;0;0.2;0.0;0.0;0.8;0.0
ES_12;4;45;45;45;45;45;45;45;45;45;45;0;0.0;0.0;0.0;1.0;0.0
ES_120;1;112;112;112;112;112;112;112;112;112;112;0;1.0;0.0;0.0;0.0;0.0
ES_120;2;45;45;45;45;45;45;112;112;112;112;0;0.4;0.0;0.0;0.6;0.0
ES_120;3;45;45;45;45;45;45;45;45;45;45;0;0.0;0.0;0.0;1.0;0.0
ES_120;4;45;45;45;45;45;45;45;45;45;45;0;0.0;0.0;0.0;1.0;0.0
ES_122;1;45;45;45;45;45;45;45;45;45;45;0;0.0;0.0;0.0;1.0;0.0
ES_122;2;45;45;45;45;45;45;45;45;45;45;0;0.0;0.0;0.0;1.0;0.0
ES_122;3;45;45;45;45;45;45;45;45;45;45;0;0.0;0.0;0.0;1.0;0.0
ES_122;4;45;45;45;45;45;45;45;45;45;45;0;0.0;0.0;0.0;1.0;0.0
ES_13;1;45;45;45;45;45;45;45;45;45;45;0;0.0;0.0;0.0;1.0;0.0
ES_13;2;45;45;45;45;45;45;45;45;45;45;0;0.0;0.0;0.0;1.0;0.0
ES_13;3;45;45;45;45;45;45;45;45;45;45;0;0.0;0.0;0.0;1.0;0.0
ES_13;4;45;45;45;45;45;45;45;45;58;58;0;0.0;0.0;0.0;0.8;0.2
ES_14;1;45;45;45;45;45;45;45;45;45;45;0;0.0;0.0;0.0;1.0;0.0
ES_14;2;45;45;45;45;45;45;45;45;45;45;0;0.0;0.0;0.0;1.0;0.0
ES_14;3;45;45;45;45;45;45;45;45;45;45;0;0.0;0.0;0.0;1.0;0.0
ES_14;4;45;45;45;45;45;45;45;45;45;45;0;0.0;0.0;0.0;1.0;0.0
ES_15;1;113;113;58;58;58;58;58;58;58;58;0;0.2;0.0;0.0;0.0;0.8
ES_15;2;112;112;112;112;112;112;112;112;112;112;0;1.0;0.0;0.0;0.0;0.0
ES_15;3;112;112;112;112;112;112;112;112;112;113;0;1.0;0.0;0.0;0.0;0.0
ES_15;4;112;112;112;112;112;112;112;112;112;112;0;1.0;0.0;0.0;0.0;0.0
ES_16;1;112;112;112;112;112;112;112;112;112;112;0;1.0;0.0;0.0;0.0;0.0
ES_16;2;112;112;112;112;112;112;112;112;112;112;0;1.0;0.0;0.0;0.0;0.0
ES_16;3;112;112;112;112;112;112;112;112;112;112;0;1.0;0.0;0.0;0.0;0.0
ES_16;4;112;112;112;112;112;112;112;112;112;112;0;1.0;0.0;0.0;0.0;0.0
ES_17;1;45;45;45;45;45;45;45;45;45;45;0;0.0;0.0;0.0;1.0;0.0
ES_17;2;45;45;45;45;45;45;45;45;45;45;0;0.0;0.0;0.0;1.0;0.0
ES_17;3;45;45;45;45;45;45;45;45;45;45;0;0.0;0.0;0.0;1.0;0.0
ES_17;4;45;45;45;45;45;45;45;45;45;45;0;0.0;0.0;0.0;1.0;0.0
ES_18;1;45;51;51;45;45;51;51;113;113;51;0;0.2;0.0;0.0;0.3;0.5
ES_18;2;113;45;113;113;113;113;113;113;113;113;0;0.9;0.0;0.0;0.1;0.0
ES_18;3;113;113;113;113;113;113;113;113;113;113;0;1.0;0.0;0.0;0.0;0.0
ES_18;4;45;113;113;113;113;113;113;113;45;45;0;0.7;0.0;0.0;0.3;0.0
ES_2;1;45;45;45;45;45;45;45;45;45;45;0;0.0;0.0;0.0;1.0;0.0
ES_2;2;45;45;45;45;45;45;45;45;45;45;0;0.0;0.0;0.0;1.0;0.0
ES_2;3;45;45;45;45;45;45;45;45;45;45;0;0.0;0.0;0.0;1.0;0.0
ES_2;4;45;45;45;45;45;45;45;45;45;45;0;0.0;0.0;0.0;1.0;0.0
ES_20;1;57;57;57;57;57;57;57;57;57;57;0;0.0;0.0;0.0;0.0;1.0
ES_20;2;45;45;45;45;45;45;45;45;45;45;0;0.0;0.0;0.0;1.0;0.0
ES_20;3;45;45;45;45;45;45;45;45;45;45;0;0.0;0.0;0.0;1.0;0.0
ES_20;4;42;42;42;42;42;42;42;42;42;42;0;0.0;0.0;0.0;1.0;0.0
ES_22;1;45;45;45;45;45;45;45;45;45;45;0;0.0;0.0;0.0;1.0;0.0
ES_22;2;45;45;45;45;45;45;45;45;45;45;0;0.0;0.0;0.0;1.0;0.0
ES_22;3;45;55;55;55;55;55;55;55;55;45;0;0.0;0.0;0.0;0.2;0.8
ES_22;4;55;45;45;45;45;45;45;45;45;45;0;0.0;0.0;0.0;0.9;0.1
ES_23;1;42;42;42;42;19;19;19;19;19;19;0;0.6;0.0;0.0;0.4;0.0
ES_23;2;19;19;19;19;19;19;19;19;19;19;0;1.0;0.0;0.0;0.0;0.0
ES_23;3;42;42;42;42;42;42;42;42;42;42;0;0.0;0.0;0.0;1.0;0.0
ES_23;4;42;42;42;42;42;42;42;42;42;42;0;0.0;0.0;0.0;1.0;0.0
ES_24;1;19;19;19;19;19;19;19;19;19;19;0;1.0;0.0;0.0;0.0;0.0
ES_24;2;19;19;19;19;19;19;19;19;113;113;0;1.0;0.0;0.0;0.0;0.0
ES_24;3;19;19;19;19;19;19;19;19;19;19;0;1.0;0.0;0.0;0.0;0.0
ES_24;4;19;19;19;19;19;19;19;19;19;19;0;1.0;0.0;0.0;0.0;0.0
ES_25;1;51;51;51;51;51;51;51;51;51;51;106;0.0;0.0;0.0;0.0;1.0
ES_25;2;51;51;51;51;51;51;51;51;51;51;135;0.0;0.0;0.0;0.0;1.0
ES_25;3;42;42;42;42;42;42;42;42;42;42;31;0.0;0.0;0.0;1.0;0.0
ES_25;4;113;113;42;42;42;42;42;42;42;42;16;0.2;0.0;0.0;0.8;0.0
ES_26;1;45;45;45;45;45;45;45;45;45;45;0;0.0;0.0;0.0;1.0;0.0
ES_26;2;45;45;45;45;45;45;45;45;45;45;0;0.0;0.0;0.0;1.0;0.0
ES_26;3;45;45;45;45;45;45;45;45;45;45;0;0.0;0.0;0.0;1.0;0.0
ES_26;4;45;45;45;45;45;45;45;45;45;45;0;0.0;0.0;0.0;1.0;0.0
ES_28;1;113;113;113;113;113;113;113;113;113;113;0;1.0;0.0;0.0;0.0;0.0
ES_28;2;51;51;51;51;51;51;51;51;51;51;0;0.0;0.0;0.0;0.0;1.0
ES_28;3;113;113;113;113;113;113;113;113;113;113;0;1.0;0.0;0.0;0.0;0.0
ES_28;4;113;113;113;113;113;113;113;113;113;113;0;1.0;0.0;0.0;0.0;0.0
ES_29;1;45;45;45;45;45;45;45;45;45;45;0;0.0;0.0;0.0;1.0;0.0
ES_29;2;45;45;43;43;43;43;43;43;43;43;0;0.0;0.0;0.0;1.0;0.0
ES_29;3;45;45;45;45;45;45;45;45;45;45;0;0.0;0.0;0.0;1.0;0.0
ES_29;4;45;45;45;45;45;45;45;45;45;45;0;0.0;0.0;0.0;1.0;0.0
ES_3;1;19;19;19;19;19;19;19;19;19;19;0;1.0;0.0;0.0;0.0;0.0
ES_3;2;19;19;19;19;19;19;19;19;19;19;0;1.0;0.0;0.0;0.0;0.0
ES_3;3;19;19;19;19;19;19;19;19;19;19;0;1.0;0.0;0.0;0.0;0.0
ES_3;4;19;19;19;19;19;19;19;19;19;19;0;1.0;0.0;0.0;0.0;0.0
ES_30;1;42;42;42;42;42;42;42;42;42;42;0;0.0;0.0;0.0;1.0;0.0
ES_30;2;42;42;55;55;55;55;55;55;55;55;0;0.0;0.0;0.0;0.2;0.8
ES_30;3;51;113;113;113;113;113;113;113;113;113;0;0.9;0.0;0.0;0.0;0.1
ES_30;4;42;42;42;42;42;42;42;42;42;42;0;0.0;0.0;0.0;1.0;0.0
ES_31;1;112;112;112;112;112;112;112;112;112;112;0;1.0;0.0;0.0;0.0;0.0
ES_31;2;113;113;113;113;113;113;113;113;113;113;0;1.0;0.0;0.0;0.0;0.0
ES_31;3;112;112;112;112;112;112;112;112;112;112;1;1.0;0.0;0.0;0.0;0.0
ES_31;4;19;19;19;19;19;19;19;19;19;19;0;1.0;0.0;0.0;0.0;0.0
ES_32;1;45;45;45;45;45;45;45;45;45;45;0;0.0;0.0;0.0;1.0;0.0
ES_32;2;45;45;45;45;45;45;45;45;45;45;0;0.0;0.0;0.0;1.0;0.0
ES_32;3;45;45;58;58;113;113;113;113;113;113;0;0.6;0.0;0.0;0.2;0.2
ES_32;4;45;45;45;45;45;45;45;45;45;45;0;0.0;0.0;0.0;1.0;0.0
ES_33;1;45;45;45;45;45;45;45;45;45;45;0;0.0;0.0;0.0;1.0;0.0
ES_33;2;45;45;45;45;45;45;45;45;45;45;0;0.0;0.0;0.0;1.0;0.0
ES_33;3;45;45;45;45;45;45;45;45;45;51;0;0.0;0.0;0.0;0.9;0.1
ES_33;4;45;45;45;45;45;45;45;45;51;43;0;0.0;0.0;0.0;0.9;0.1
ES_34;1;113;113;113;113;113;113;113;113;113;113;0;1.0;0.0;0.0;0.0;0.0
ES_34;2;45;45;45;45;45;45;45;45;113;113;0;0.2;0.0;0.0;0.8;0.0
ES_34;3;45;45;45;45;45;45;45;45;45;45;0;0.0;0.0;0.0;1.0;0.0
ES_34;4;45;45;45;45;45;45;45;45;45;45;0;0.0;0.0;0.0;1.0;0.0
ES_36;1;45;42;42;45;45;42;42;45;45;42;0;0.0;0.0;0.0;1.0;0.0
ES_36;2;45;45;45;45;45;45;45;45;45;45;0;0.0;0.0;0.0;1.0;0.0
ES_36;3;45;45;45;45;45;45;45;45;45;45;0;0.0;0.0;0.0;1.0;0.0
ES_36;4;51;51;42;42;42;42;42;42;42;42;0;0.0;0.0;0.0;0.8;0.2
ES_37;1;45;45;45;45;45;45;45;45;45;45;0;0.0;0.0;0.0;1.0;0.0
ES_37;2;45;42;42;45;45;45;45;45;112;112;0;0.2;0.0;0.0;0.8;0.0
ES_37;3;42;42;42;42;42;42;42;42;42;42;0;0.0;0.0;0.0;1.0;0.0
ES_37;4;42;42;42;42;42;42;45;42;45;45;0;0.0;0.0;0.0;1.0;0.0
ES_38;1;113;113;113;113;113;113;113;113;113;113;66;1.0;0.0;0.0;0.0;0.0
ES_38;2;112;112;112;112;112;112;112;112;112;113;0;1.0;0.0;0.0;0.0;0.0
ES_38;3;113;113;113;113;113;113;113;113;113;113;0;1.0;0.0;0.0;0.0;0.0
ES_38;4;113;113;112;113;113;113;113;113;113;113;0;1.0;0.0;0.0;0.0;0.0
ES_4;1;45;45;45;45;45;45;45;45;45;45;0;0.0;0.0;0.0;1.0;0.0
ES_4;2;45;45;45;45;45;45;45;45;45;45;0;0.0;0.0;0.0;1.0;0.0
ES_4;3;45;45;45;45;45;45;45;45;45;45;0;0.0;0.0;0.0;1.0;0.0
ES_4;4;45;45;45;45;45;45;45;45;45;45;0;0.0;0.0;0.0;1.0;0.0
ES_40;2;45;45;45;45;45;45;45;45;45;45;0;0.0;0.0;0.0;1.0;0.0
ES_40;3;45;45;45;45;45;45;45;45;45;45;0;0.0;0.0;0.0;1.0;0.0
ES_40;4;45;45;51;51;45;58;58;45;58;58;0;0.0;0.0;0.0;0.4;0.6
ES_41;1;112;112;112;112;112;112;112;112;112;112;0;1.0;0.0;0.0;0.0;0.0
ES_41;2;112;112;112;112;112;112;112;112;112;112;0;1.0;0.0;0.0;0.0;0.0
ES_41;3;112;112;112;112;112;112;112;112;112;112;0;1.0;0.0;0.0;0.0;0.0
ES_41;4;113;113;113;113;113;113;113;113;113;113;0;1.0;0.0;0.0;0.0;0.0
ES_42;1;58;58;58;58;19;58;19;19;19;19;0;0.5;0.0;0.0;0.0;0.5
ES_42;2;42;42;42;42;42;42;42;42;42;42;0;0.0;0.0;0.0;1.0;0.0
ES_42;3;42;42;42;42;42;42;42;42;45;45;0;0.0;0.0;0.0;1.0;0.0
ES_42;4;45;45;45;45;58;45;58;58;58;58;0;0.0;0.0;0.0;0.5;0.5
ES_43;1;45;45;45;45;45;45;45;45;45;45;0;0.0;0.0;0.0;1.0;0.0
ES_43;2;45;45;45;45;45;45;57;57;57;57;0;0.0;0.0;0.0;0.6;0.4
ES_43;3;45;45;45;45;45;45;45;45;45;45;0;0.0;0.0;0.0;1.0;0.0
ES_43;4;45;45;45;45;45;45;45;45;45;45;0;0.0;0.0;0.0;1.0;0.0
ES_44;1;45;45;45;45;45;45;45;45;45;45;0;0.0;0.0;0.0;1.0;0.0
ES_44;3;45;45;45;45;45;45;45;45;45;45;0;0.0;0.0;0.0;1.0;0.0
ES_44;4;45;45;45;45;45;45;45;45;45;45;0;0.0;0.0;0.0;1.0;0.0
ES_45;1;42;42;42;42;42;42;42;42;42;42;0;0.0;0.0;0.0;1.0;0.0
ES_45;2;42;42;51;51;113;113;113;113;113;113;0;0.6;0.0;0.0;0.2;0.2
ES_45;3;113;113;113;113;113;113;113;112;113;113;2;1.0;0.0;0.0;0.0;0.0
ES_45;4;112;112;112;112;112;113;112;113;113;113;4;1.0;0.0;0.0;0.0;0.0
ES_46;1;58;58;58;58;58;58;58;58;58;58;0;0.0;0.0;0.0;0.0;1.0
ES_46;2;42;42;42;42;42;42;42;42;42;42;0;0.0;0.0;0.0;1.0;0.0
ES_46;3;42;42;42;42;42;42;42;42;42;42;0;0.0;0.0;0.0;1.0;0.0
ES_46;4;42;42;42;42;42;42;42;42;42;42;0;0.0;0.0;0.0;1.0;0.0
ES_48;1;42;42;113;42;113;113;57;113;113;113;0;0.6;0.0;0.0;0.3;0.1
ES_48;2;51;51;51;51;51;51;51;51;51;51;0;0.0;0.0;0.0;0.0;1.0
ES_48;3;43;43;113;113;113;113;113;113;113;113;0;0.8;0.0;0.0;0.2;0.0
ES_48;4;42;55;55;55;55;55;55;55;55;55;0;0.0;0.0;0.0;0.1;0.9
ES_49;1;45;45;45;45;45;45;45;45;45;45;0;0.0;0.0;0.0;1.0;0.0
ES_49;2;45;45;45;45;45;45;45;45;45;45;0;0.0;0.0;0.0;1.0;0.0
ES_49;3;45;45;45;45;45;45;45;45;45;45;0;0.0;0.0;0.0;1.0;0.0
ES_49;4;45;45;45;45;45;45;45;45;45;45;0;0.0;0.0;0.0;1.0;0.0
ES_5;1;45;45;45;45;45;45;45;45;45;45;0;0.0;0.0;0.0;1.0;0.0
ES_5;2;45;45;45;45;45;45;45;45;55;55;0;0.0;0.0;0.0;0.8;0.2
ES_5;3;45;45;45;45;45;45;45;45;45;45;0;0.0;0.0;0.0;1.0;0.0
ES_5;4;45;45;45;45;45;45;45;45;45;45;0;0.0;0.0;0.0;1.0;0.0
ES_50;1;42;42;42;42;42;42;42;42;42;42;0;0.0;0.0;0.0;1.0;0.0
ES_50;2;42;42;42;42;42;42;42;42;42;42;0;0.0;0.0;0.0;1.0;0.0
ES_50;3;42;42;42;42;42;42;42;42;42;42;0;0.0;0.0;0.0;1.0;0.0
ES_50;4;42;42;42;42;42;42;42;42;42;42;0;0.0;0.0;0.0;1.0;0.0
ES_51;1;51;51;51;51;42;42;42;42;42;42;0;0.0;0.0;0.0;0.6;0.4
ES_51;2;51;51;51;51;51;51;51;51;45;45;0;0.0;0.0;0.0;0.2;0.8
ES_51;3;58;113;19;19;19;19;19;19;19;19;0;0.9;0.0;0.0;0.0;0.1
ES_51;4;51;51;51;51;51;51;51;51;51;51;0;0.0;0.0;0.0;0.0;1.0
ES_53;1;112;112;112;112;112;112;112;112;112;112;0;1.0;0.0;0.0;0.0;0.0
ES_53;2;51;51;51;113;113;51;112;112;112;112;0;0.6;0.0;0.0;0.0;0.4
ES_53;3;42;42;42;42;42;42;42;42;42;42;0;0.0;0.0;0.0;1.0;0.0
ES_53;4;42;42;42;42;42;42;42;42;42;42;0;0.0;0.0;0.0;1.0;0.0
ES_54;1;45;45;45;45;45;45;45;45;45;45;0;0.0;0.0;0.0;1.0;0.0
ES_54;2;45;45;45;45;45;45;45;45;45;45;0;0.0;0.0;0.0;1.0;0.0
ES_54;3;45;45;45;45;45;45;45;45;45;45;0;0.0;0.0;0.0;1.0;0.0
ES_54;4;45;45;45;45;45;45;45;45;45;45;0;0.0;0.0;0.0;1.0;0.0
ES_55;1;112;112;112;112;112;112;112;112;112;112;0;1.0;0.0;0.0;0.0;0.0
ES_55;2;112;112;112;112;112;112;112;112;112;112;0;1.0;0.0;0.0;0.0;0.0
ES_55;3;112;112;112;112;112;112;113;113;113;113;0;1.0;0.0;0.0;0.0;0.0
ES_55;4;112;112;112;112;112;112;51;51;51;51;0;0.6;0.0;0.0;0.0;0.4
ES_56;1;45;45;45;45;113;113;113;113;113;113;0;0.6;0.0;0.0;0.4;0.0
ES_56;2;45;45;45;45;45;45;45;45;45;45;0;0.0;0.0;0.0;1.0;0.0
ES_56;3;45;45;45;45;45;45;45;45;45;45;0;0.0;0.0;0.0;1.0;0.0
ES_56;4;45;45;45;45;45;45;45;45;45;45;0;0.0;0.0;0.0;1.0;0.0
ES_57;1;42;45;55;55;19;19;19;19;19;19;0;0.6;0.0;0.0;0.2;0.2
ES_57;2;55;55;19;19;19;19;19;19;19;19;0;0.8;0.0;0.0;0.0;0.2
ES_57;3;42;42;42;42;42;42;42;42;42;42;0;0.0;0.0;0.0;1.0;0.0
ES_57;4;42;42;42;42;42;42;42;42;42;42;0;0.0;0.0;0.0;1.0;0.0
ES_58;1;42;42;42;42;42;42;42;42;42;42;0;0.0;0.0;0.0;1.0;0.0
ES_58;2;42;42;42;42;42;42;42;42;42;42;0;0.0;0.0;0.0;1.0;0.0
ES_58;3;42;42;42;42;42;42;42;42;42;42;0;0.0;0.0;0.0;1.0;0.0
ES_58;4;112;112;112;112;112;112;112;112;112;112;0;1.0;0.0;0.0;0.0;0.0
ES_59;2;19;19;19;19;19;19;19;19;19;19;0;1.0;0.0;0.0;0.0;0.0
ES_59;3;19;19;19;19;45;45;45;45;45;45;0;0.4;0.0;0.0;0.6;0.0
ES_59;4;113;45;45;113;113;45;45;113;113;45;0;0.5;0.0;0.0;0.5;0.0
ES_6;1;45;45;45;45;45;45;45;45;45;45;0;0.0;0.0;0.0;1.0;0.0
ES_6;2;45;45;45;45;45;45;45;45;45;45;0;0.0;0.0;0.0;1.0;0.0
ES_6;3;45;45;45;45;45;45;45;45;45;45;0;0.0;0.0;0.0;1.0;0.0
ES_6;4;45;45;45;45;45;45;45;45;45;45;0;0.0;0.0;0.0;1.0;0.0
ES_60;1;113;113;113;113;113;113;112;113;112;112;0;1.0;0.0;0.0;0.0;0.0
ES_60;2;113;113;113;113;113;113;113;113;112;112;2;1.0;0.0;0.0;0.0;0.0
ES_60;3;112;112;112;112;112;112;112;112;112;112;0;1.0;0.0;0.0;0.0;0.0
ES_60;4;112;112;113;113;113;112;113;113;113;113;0;1.0;0.0;0.0;0.0;0.0
ES_62;1;45;45;45;45;45;45;45;45;45;45;0;0.0;0.0;0.0;1.0;0.0
ES_62;2;113;113;113;113;113;113;45;113;45;45;0;0.7;0.0;0.0;0.3;0.0
ES_62;3;45;45;45;45;45;45;45;45;45;45;0;0.0;0.0;0.0;1.0;0.0
ES_62;4;45;45;45;45;45;45;45;45;45;45;0;0.0;0.0;0.0;1.0;0.0
ES_63;1;113;113;113;113;113;113;113;113;113;113;0;1.0;0.0;0.0;0.0;0.0
ES_63;2;112;112;112;112;112;112;45;45;45;45;0;0.6;0.0;0.0;0.4;0.0
ES_63;3;57;57;57;57;57;57;57;57;57;57;0;0.0;0.0;0.0;0.0;1.0
ES_64;1;45;45;45;45;45;45;58;58;58;58;0;0.0;0.0;0.0;0.6;0.4
ES_64;2;45;45;45;45;45;45;45;45;45;45;0;0.0;0.0;0.0;1.0;0.0
ES_64;3;42;42;42;42;42;42;42;42;42;42;0;0.0;0.0;0.0;1.0;0.0
ES_64;4;55;55;55;55;55;55;55;55;55;55;0;0.0;0.0;0.0;0.0;1.0
ES_65;1;51;51;51;51;51;51;51;51;51;58;0;0.0;0.0;0.0;0.0;1.0
ES_65;2;51;42;42;42;42;42;42;42;42;42;0;0.0;0.0;0.0;0.9;0.1
ES_65;3;113;42;51;113;51;51;113;113;113;113;0;0.6;0.0;0.0;0.1;0.3
ES_65;4;42;42;42;42;42;42;42;42;42;42;0;0.0;0.0;0.0;1.0;0.0
ES_66;1;45;45;45;45;45;45;45;45;45;45;0;0.0;0.0;0.0;1.0;0.0
ES_66;2;45;45;45;45;45;45;45;45;58;58;0;0.0;0.0;0.0;0.8;0.2
ES_66;3;45;45;45;45;45;45;45;45;45;45;0;0.0;0.0;0.0;1.0;0.0
ES_66;4;45;45;45;45;45;45;45;45;45;45;0;0.0;0.0;0.0;1.0;0.0
ES_67;1;45;45;45;45;45;45;45;45;45;45;0;0.0;0.0;0.0;1.0;0.0
ES_67;2;45;45;45;45;45;45;45;45;45;45;0;0.0;0.0;0.0;1.0;0.0
ES_67;3;45;113;113;45;45;113;113;45;45;45;0;0.4;0.0;0.0;0.6;0.0
ES_67;4;113;113;113;113;113;113;113;113;113;113;0;1.0;0.0;0.0;0.0;0.0
ES_68;1;45;45;45;45;58;45;58;58;58;58;0;0.0;0.0;0.0;0.5;0.5
ES_68;2;58;58;58;58;58;58;58;58;58;58;0;0.0;0.0;0.0;0.0;1.0
ES_68;3;113;113;113;113;45;45;45;45;58;58;2;0.4;0.0;0.0;0.4;0.2
ES_69;1;51;51;51;51;51;51;51;51;51;51;0;0.0;0.0;0.0;0.0;1.0
ES_69;2;51;51;51;51;51;51;51;51;51;51;0;0.0;0.0;0.0;0.0;1.0
ES_69;3;58;45;58;58;58;58;58;58;58;58;0;0.0;0.0;0.0;0.1;0.9
ES_69;4;51;51;51;51;51;51;51;51;51;51;0;0.0;0.0;0.0;0.0;1.0
ES_7;1;57;57;57;57;57;57;57;57;57;57;0;0.0;0.0;0.0;0.0;1.0
ES_7;2;45;45;45;45;45;45;45;45;45;45;0;0.0;0.0;0.0;1.0;0.0
ES_7;3;113;57;57;57;57;57;57;57;57;57;0;0.1;0.0;0.0;0.0;0.9
ES_7;4;57;57;57;57;57;57;57;57;57;113;0;0.1;0.0;0.0;0.0;0.9
ES_70;1;45;45;45;45;45;45;45;45;45;45;0;0.0;0.0;0.0;1.0;0.0
ES_70;2;55;55;55;55;55;55;55;55;55;55;0;0.0;0.0;0.0;0.0;1.0
ES_71;1;113;45;45;113;113;45;113;113;55;55;0;0.5;0.0;0.0;0.3;0.2
ES_71;2;45;45;45;45;45;45;45;45;45;45;0;0.0;0.0;0.0;1.0;0.0
ES_71;3;51;51;51;51;55;55;45;45;45;45;0;0.0;0.0;0.0;0.4;0.6
ES_71;4;45;45;45;45;55;55;45;45;45;45;0;0.0;0.0;0.0;0.8;0.2
ES_72;1;111;111;111;111;111;111;111;111;111;111;0;1.0;0.0;0.0;0.0;0.0
ES_72;2;111;111;111;111;111;111;111;111;111;111;0;1.0;0.0;0.0;0.0;0.0
ES_72;3;51;51;51;51;51;51;51;51;51;51;0;0.0;0.0;0.0;0.0;1.0
ES_72;4;111;111;111;111;111;111;111;111;111;111;0;1.0;0.0;0.0;0.0;0.0
ES_73;1;45;45;45;45;45;45;45;45;45;45;0;0.0;0.0;0.0;1.0;0.0
ES_73;2;45;45;45;45;45;45;45;45;45;45;0;0.0;0.0;0.0;1.0;0.0
ES_73;3;45;45;45;45;45;45;45;45;45;45;0;0.0;0.0;0.0;1.0;0.0
ES_73;4;45;45;45;45;45;45;45;45;45;45;0;0.0;0.0;0.0;1.0;0.0
ES_74;1;112;112;112;112;112;112;112;112;112;113;0;1.0;0.0;0.0;0.0;0.0
ES_74;2;19;19;19;19;19;19;19;19;19;19;0;1.0;0.0;0.0;0.0;0.0
ES_74;3;19;19;19;19;19;19;19;19;19;19;0;1.0;0.0;0.0;0.0;0.0
ES_74;4;19;19;19;19;19;19;19;19;19;19;0;1.0;0.0;0.0;0.0;0.0
ES_75;1;112;112;112;112;112;112;112;112;112;112;0;1.0;0.0;0.0;0.0;0.0
ES_75;2;113;113;113;113;113;113;113;45;45;45;0;0.7;0.0;0.0;0.3;0.0
ES_75;3;113;113;113;113;113;113;113;113;113;113;0;1.0;0.0;0.0;0.0;0.0
ES_75;4;113;113;113;113;113;113;113;113;113;113;0;1.0;0.0;0.0;0.0;0.0
ES_76;1;45;45;45;45;45;45;45;45;45;45;0;0.0;0.0;0.0;1.0;0.0
ES_76;2;45;45;45;45;45;45;45;45;45;45;0;0.0;0.0;0.0;1.0;0.0
ES_76;3;42;42;42;42;42;45;45;45;45;45;0;0.0;0.0;0.0;1.0;0.0
ES_76;4;45;45;45;45;45;45;45;45;45;45;0;0.0;0.0;0.0;1.0;0.0
ES_77;1;113;113;113;113;113;113;113;113;113;113;0;1.0;0.0;0.0;0.0;0.0
ES_77;2;113;55;55;113;55;113;113;113;113;113;0;0.7;0.0;0.0;0.0;0.3
ES_77;3;113;113;113;113;58;58;113;113;113;113;0;0.8;0.0;0.0;0.0;0.2
ES_77;4;113;113;113;113;19;19;19;19;113;113;0;1.0;0.0;0.0;0.0;0.0
ES_78;1;113;113;113;113;113;113;113;113;113;113;0;1.0;0.0;0.0;0.0;0.0
ES_78;2;113;113;113;113;113;113;113;113;113;113;0;1.0;0.0;0.0;0.0;0.0
ES_78;3;112;112;112;112;112;112;112;112;112;112;0;1.0;0.0;0.0;0.0;0.0
ES_78;4;112;112;112;112;112;112;112;112;112;112;0;1.0;0.0;0.0;0.0;0.0
ES_79;1;112;112;112;112;51;51;45;113;113;58;0;0.6;0.0;0.0;0.1;0.3
ES_79;2;112;112;112;112;112;112;112;112;112;112;0;1.0;0.0;0.0;0.0;0.0
ES_79;3;112;112;112;112;112;112;112;112;112;112;0;1.0;0.0;0.0;0.0;0.0
ES_79;4;112;112;112;112;112;112;112;112;112;112;0;1.0;0.0;0.0;0.0;0.0
ES_8;1;45;45;45;45;45;45;58;58;58;58;0;0.0;0.0;0.0;0.6;0.4
ES_8;2;45;45;45;45;45;45;45;45;45;45;0;0.0;0.0;0.0;1.0;0.0
ES_8;3;45;45;45;45;45;45;45;45;45;45;0;0.0;0.0;0.0;1.0;0.0
ES_8;4;45;45;45;45;45;45;45;45;45;45;0;0.0;0.0;0.0;1.0;0.0
ES_80;1;113;113;113;113;113;113;113;113;113;113;0;1.0;0.0;0.0;0.0;0.0
ES_80;2;45;45;45;45;45;45;45;45;45;45;0;0.0;0.0;0.0;1.0;0.0
ES_80;3;45;45;45;45;45;45;45;45;45;45;0;0.0;0.0;0.0;1.0;0.0
ES_80;4;45;45;45;45;45;45;45;45;45;45;0;0.0;0.0;0.0;1.0;0.0
ES_82;1;113;113;113;113;113;113;113;113;113;113;0;1.0;0.0;0.0;0.0;0.0
ES_82;2;113;113;113;113;113;113;113;113;113;113;0;1.0;0.0;0.0;0.0;0.0
ES_82;3;112;112;112;112;112;112;112;112;112;112;0;1.0;0.0;0.0;0.0;0.0
ES_83;1;113;113;113;113;113;113;113;113;113;113;0;1.0;0.0;0.0;0.0;0.0
ES_83;2;19;51;19;19;19;19;19;19;19;19;0;0.9;0.0;0.0;0.0;0.1
ES_83;3;51;51;51;51;19;51;19;19;19;19;0;0.5;0.0;0.0;0.0;0.5
ES_83;4;113;113;113;113;113;113;113;113;113;113;0;1.0;0.0;0.0;0.0;0.0
ES_84;1;113;113;113;113;113;113;113;113;113;113;0;1.0;0.0;0.0;0.0;0.0
ES_84;2;113;113;113;113;113;113;113;113;113;113;0;1.0;0.0;0.0;0.0;0.0
ES_84;3;19;19;19;19;19;19;19;19;113;113;0;1.0;0.0;0.0;0.0;0.0
ES_84;4;19;19;19;19;113;113;113;113;113;113;0;1.0;0.0;0.0;0.0;0.0
ES_85;1;43;19;19;43;43;19;43;43;43;43;0;0.3;0.0;0.0;0.7;0.0
ES_85;2;19;19;19;19;19;19;19;19;19;19;0;1.0;0.0;0.0;0.0;0.0
ES_85;3;19;19;19;19;19;19;19;19;19;19;0;1.0;0.0;0.0;0.0;0.0
ES_87;1;112;112;112;112;112;112;112;112;112;112;0;1.0;0.0;0.0;0.0;0.0
ES_87;2;112;112;112;112;112;112;112;112;112;112;0;1.0;0.0;0.0;0.0;0.0
ES_87;3;113;113;113;113;113;113;113;113;113;113;0;1.0;0.0;0.0;0.0;0.0
ES_87;4;112;112;112;112;112;112;112;112;112;112;0;1.0;0.0;0.0;0.0;0.0
ES_88;1;112;112;112;112;112;112;112;112;112;113;0;1.0;0.0;0.0;0.0;0.0
ES_88;2;57;112;112;112;112;112;113;113;113;113;0;0.9;0.0;0.0;0.0;0.1
ES_88;3;112;112;112;112;112;112;112;112;112;112;0;1.0;0.0;0.0;0.0;0.0
ES_88;4;112;112;112;112;112;112;113;113;113;113;0;1.0;0.0;0.0;0.0;0.0
ES_89;1;42;42;42;42;42;42;42;42;42;42;0;0.0;0.0;0.0;1.0;0.0
ES_89;2;42;42;42;42;42;42;42;42;42;42;0;0.0;0.0;0.0;1.0;0.0
ES_89;3;42;42;42;42;42;42;42;42;42;42;0;0.0;0.0;0.0;1.0;0.0
ES_89;4;113;113;113;113;42;42;42;42;42;42;0;0.4;0.0;0.0;0.6;0.0
ES_9;1;19;19;19;19;19;19;19;19;19;19;0;1.0;0.0;0.0;0.0;0.0
ES_9;2;42;42;42;42;42;42;42;42;42;42;0;0.0;0.0;0.0;1.0;0.0
ES_9;3;19;19;19;19;19;19;19;19;19;19;0;1.0;0.0;0.0;0.0;0.0
ES_9;4;19;19;19;19;19;19;19;19;19;19;0;1.0;0.0;0.0;0.0;0.0
ES_90;1;112;112;112;112;112;112;112;45;45;45;0;0.7;0.0;0.0;0.3;0.0
ES_90;2;112;112;112;112;112;112;112;112;112;112;0;1.0;0.0;0.0;0.0;0.0
ES_90;3;112;112;112;112;112;112;113;113;113;113;0;1.0;0.0;0.0;0.0;0.0
ES_90;4;42;42;42;42;42;42;42;42;42;42;0;0.0;0.0;0.0;1.0;0.0
ES_91;3;113;113;113;113;113;113;113;113;113;113;0;1.0;0.0;0.0;0.0;0.0
ES_91;4;45;45;45;45;45;45;45;45;45;45;0;0.0;0.0;0.0;1.0;0.0
ES_92;1;113;113;113;113;113;113;113;113;113;113;0;1.0;0.0;0.0;0.0;0.0
ES_92;2;112;112;112;112;112;112;112;112;112;112;0;1.0;0.0;0.0;0.0;0.0
ES_92;3;113;113;113;113;113;113;113;113;113;113;0;1.0;0.0;0.0;0.0;0.0
ES_92;4;113;113;113;113;113;113;113;113;113;113;0;1.0;0.0;0.0;0.0;0.0
ES_93;1;113;113;113;113;113;113;113;113;113;113;0;1.0;0.0;0.0;0.0;0.0
ES_93;2;113;113;113;113;113;113;113;113;113;113;0;1.0;0.0;0.0;0.0;0.0
ES_93;3;42;42;42;42;42;42;42;42;42;42;0;0.0;0.0;0.0;1.0;0.0
ES_93;4;113;113;113;113;112;112;112;112;112;112;0;1.0;0.0;0.0;0.0;0.0
ES_94;1;112;112;112;112;112;112;112;112;112;112;0;1.0;0.0;0.0;0.0;0.0
ES_94;2;112;112;112;112;112;112;112;112;112;112;0;1.0;0.0;0.0;0.0;0.0
ES_94;3;113;113;113;113;113;113;113;113;113;113;0;1.0;0.0;0.0;0.0;0.0
ES_94;4;112;112;112;112;112;112;112;112;112;112;0;1.0;0.0;0.0;0.0;0.0
ES_98;1;113;113;113;113;113;113;113;113;113;113;0;1.0;0.0;0.0;0.0;0.0
ES_98;2;113;113;113;113;113;113;113;113;113;113;0;1.0;0.0;0.0;0.0;0.0
ES_98;3;113;113;113;113;113;113;113;113;113;113;0;1.0;0.0;0.0;0.0;0.0
ES_98;4;113;113;113;113;113;113;112;112;112;112;0;1.0;0.0;0.0;0.0;0.0
ES_99;1;45;45;45;45;45;45;45;45;45;45;0;0.0;0.0;0.0;1.0;0.0
ES_99;2;112;45;45;112;112;45;45;45;45;45;0;0.3;0.0;0.0;0.7;0.0
ES_99;3;45;45;45;45;45;45;45;45;45;45;0;0.0;0.0;0.0;1.0;0.0
ES_99;4;112;112;112;112;112;112;112;112;112;112;0;1.0;0.0;0.0;0.0;0.0
